Review,Aspect,Sentiment,Review_Clean
"Di sisi lain, sambung dia, Pemerintah Provinsi (Pemprov) DKI Jakarta juga harus jelas memetakan jalur akademik para penerima LPDP, sehingga ketika mereka sudah lulus, dapat berpartisipasi membangun Jakarta melalui sektor yang tepat.",kualitas pendidikan,Netral,di sisi lain sambung dia pemerintah provinsi pemprov dki jakarta juga harus jelas memetakan jalur akademik para penerima lpdp sehingga ketika mereka sudah lulus dapat berpartisipasi membangun jakarta melalui sektor yang tepat
"Tiga hari yang lalu, saya didampingi Bu Nana (Kepala Dinas Pendidikan DKI Jakarta Nahdiana) menerima direktur atau yang paling tinggi di LPDP, Pak Dwi Larso.",kualitas pendidikan,Netral,tiga hari yang lalu saya didampingi bu nana kepala dinas pendidikan dki jakarta nahdiana menerima direktur atau yang paling tinggi di lpdp pak dwi larso
"Menurut dia, saat ini sejumlah bansos pendidikan sudah diberikan kepada pelajar dan mahasiswa di Jakarta melalui program Kartu Jakarta Pintar (KJP plus) dan juga Kartu Jakarta Mahasiswa Unggul (KJMU).",kualitas pendidikan,Netral,menurut dia saat ini sejumlah bansos pendidikan sudah diberikan kepada pelajar dan mahasiswa di jakarta melalui program kartu jakarta pintar kjp plus dan juga kartu jakarta mahasiswa unggul kjmu
"Ada juga bansos terkait pendidikan, yaitu KJP plus dan KJMU yang harus terus diberikan kepada para pelajar serta mahasiswa yang berhak untuk menerima manfaatnya.",kualitas pendidikan,Netral,ada juga bansos terkait pendidikan yaitu kjp plus dan kjmu yang harus terus diberikan kepada para pelajar serta mahasiswa yang berhak untuk menerima manfaatnya
"Justin menambahkan bahwa pihaknya mendukung adanya program LPDP Jakarta, asalkan tidak memotong dana atau anggaran bansos pendidikan yang sudah berjalan baik.",dana beasiswa,Positif,justin menambahkan bahwa pihaknya mendukung adanya program lpdp jakarta asalkan tidak memotong dana atau anggaran bansos pendidikan yang sudah berjalan baik
"Justin menambahkan bahwa pihaknya mendukung adanya program LPDP Jakarta, asalkan tidak memotong dana atau anggaran bansos pendidikan yang sudah berjalan baik.",kualitas pendidikan,Positif,justin menambahkan bahwa pihaknya mendukung adanya program lpdp jakarta asalkan tidak memotong dana atau anggaran bansos pendidikan yang sudah berjalan baik
"Tiga hari yang lalu saya didampingi Bu Nana (Kepala Dinas Pendidikan Provinsi DKI Jakarta, Nahdiana) menerima direktur atau yang paling tinggi di LPDP, Pak Dwi Larso.",kualitas pendidikan,Netral,tiga hari yang lalu saya didampingi bu nana kepala dinas pendidikan provinsi dki jakarta nahdiana menerima direktur atau yang paling tinggi di lpdp pak dwi larso
Dana beasiswa LPDP bersumber dari Anggaran Pendapatan dan Belanja Negara atau APBN.,dana beasiswa,Netral,dana beasiswa lpdp bersumber dari anggaran pendapatan dan belanja negara atau apbn
Sementara pajak adalah komponen terbesar dalam penerimaan negara.,dana beasiswa,Netral,sementara pajak adalah komponen terbesar dalam penerimaan negara
"Artinya, pajak masyarakat menjadi fondasi pembentukan dana abadi LPDP.",dana beasiswa,Netral,artinya pajak masyarakat menjadi fondasi pembentukan dana abadi lpdp
"Pemerintah ingin memastikan setiap rupiah yang dikeluarkan oleh negara, benar-benar kembali dalam bentuk karya dan pengabdian.",pengabdian alumni,Netral,pemerintah ingin memastikan setiap rupiah yang dikeluarkan oleh negara benar benar kembali dalam bentuk karya dan pengabdian
Sudarto mengatakan LPDP berusaha memberikan kesempatan yang sama kepada talenta Indonesia untuk bisa mengakses pendidikan tinggi.,kualitas pendidikan,Netral,sudarto mengatakan lpdp berusaha memberikan kesempatan yang sama kepada talenta indonesia untuk bisa mengakses pendidikan tinggi
"Untuk 2026, beasiswa afirmasi mencakup lebih dari 25 persen porsi total penerima dana pendidikan.",kualitas pendidikan,Netral,untuk 2026 beasiswa afirmasi mencakup lebih dari 25 persen porsi total penerima dana pendidikan
"Sebagai catatan, per 31 Januari 2026, delapan orang penerima beasiswa LPDP dijatuhi sanksi pengembalian dana.",kebijakan LPDP,Negatif,sebagai catatan per 31 januari 2026 delapan orang penerima beasiswa lpdp dijatuhi sanksi pengembalian dana
Sudarto menjelaskan nominal pengembalian dana pendidikan bergantung pada jenjang studi yang ditempuh.,kualitas pendidikan,Netral,sudarto menjelaskan nominal pengembalian dana pendidikan bergantung pada jenjang studi yang ditempuh
LPDP mewajibkan penerima beasiswa untuk kembali dan berkontribusi di dalam negeri sesuai ketentuan masa pengabdian.,pengabdian alumni,Positif,lpdp mewajibkan penerima beasiswa untuk kembali dan berkontribusi di dalam negeri sesuai ketentuan masa pengabdian
LPDP mewajibkan penerima beasiswa untuk kembali dan berkontribusi di dalam negeri sesuai ketentuan masa pengabdian.,kebijakan LPDP,Positif,lpdp mewajibkan penerima beasiswa untuk kembali dan berkontribusi di dalam negeri sesuai ketentuan masa pengabdian
"Hingga 2025, masa pengabdian yang ditetapkan adalah dua kali masa studi ditambah satu tahun atau 2N+1.",pengabdian alumni,Netral,hingga 2025 masa pengabdian yang ditetapkan adalah dua kali masa studi ditambah satu tahun atau 2n 1
"Namun, LPDP mengubah kebijakan masa pengabdian menjadi 2N per tahun ini.",pengabdian alumni,Netral,namun lpdp mengubah kebijakan masa pengabdian menjadi 2n per tahun ini
"Namun, LPDP mengubah kebijakan masa pengabdian menjadi 2N per tahun ini.",kebijakan LPDP,Netral,namun lpdp mengubah kebijakan masa pengabdian menjadi 2n per tahun ini
Kewajiban masa pengabdian tertuang dalam peraturan dan Pedoman Penerima Beasiswa yang menjadi bagian dari kontrak yang disepakati.,pengabdian alumni,Netral,kewajiban masa pengabdian tertuang dalam peraturan dan pedoman penerima beasiswa yang menjadi bagian dari kontrak yang disepakati
Kewajiban masa pengabdian tertuang dalam peraturan dan Pedoman Penerima Beasiswa yang menjadi bagian dari kontrak yang disepakati.,kebijakan LPDP,Netral,kewajiban masa pengabdian tertuang dalam peraturan dan pedoman penerima beasiswa yang menjadi bagian dari kontrak yang disepakati
"Bagi penerima beasiswa yang melanggar, sanksi yang diberikan berupa pengembalian dana pendidikan hingga pemblokiran akses ke program LPDP di masa mendatang.",kebijakan LPDP,Negatif,bagi penerima beasiswa yang melanggar sanksi yang diberikan berupa pengembalian dana pendidikan hingga pemblokiran akses ke program lpdp di masa mendatang
"Bagi penerima beasiswa yang melanggar, sanksi yang diberikan berupa pengembalian dana pendidikan hingga pemblokiran akses ke program LPDP di masa mendatang.",kualitas pendidikan,Negatif,bagi penerima beasiswa yang melanggar sanksi yang diberikan berupa pengembalian dana pendidikan hingga pemblokiran akses ke program lpdp di masa mendatang
"Selain delapan orang yang telah dijatuhi sanksi pengembalian dana, LPDP juga memeriksa 36 orang yang diduga melakukan pelanggaran.",dana beasiswa,Negatif,selain delapan orang yang telah dijatuhi sanksi pengembalian dana lpdp juga memeriksa 36 orang yang diduga melakukan pelanggaran
"Selain delapan orang yang telah dijatuhi sanksi pengembalian dana, LPDP juga memeriksa 36 orang yang diduga melakukan pelanggaran.",kebijakan LPDP,Negatif,selain delapan orang yang telah dijatuhi sanksi pengembalian dana lpdp juga memeriksa 36 orang yang diduga melakukan pelanggaran
"Meski begitu, LPDP juga memberikan ruang fleksibilitas bagi alumni dengan kondisi tertentu, misalnya yang bekerja di posisi strategis lembaga riset global.",kualitas pendidikan,Netral,meski begitu lpdp juga memberikan ruang fleksibilitas bagi alumni dengan kondisi tertentu misalnya yang bekerja di posisi strategis lembaga riset global
"Namun, fleksibilitas itu juga dibarengi dengan komitmen untuk tetap berkontribusi kepada Indonesia.",pengabdian alumni,Positif,namun fleksibilitas itu juga dibarengi dengan komitmen untuk tetap berkontribusi kepada indonesia
"Namun, kalau tidak ada komitmen (untuk berkontribusi di Indonesia), langsung kami sanksi,” jelas dia.",pengabdian alumni,Netral,namun kalau tidak ada komitmen untuk berkontribusi di indonesia langsung kami sanksi jelas dia
"Namun, kalau tidak ada komitmen (untuk berkontribusi di Indonesia), langsung kami sanksi,” jelas dia.",kebijakan LPDP,Netral,namun kalau tidak ada komitmen untuk berkontribusi di indonesia langsung kami sanksi jelas dia
LPDP pun menyiapkan skema magang atau wirausaha bagi alumni dengan periode hingga dua tahun setelah lulus dengan persetujuan LPDP dan memenuhi syarat yang ditetapkan.,proses seleksi,Netral,lpdp pun menyiapkan skema magang atau wirausaha bagi alumni dengan periode hingga dua tahun setelah lulus dengan persetujuan lpdp dan memenuhi syarat yang ditetapkan
"Kebetulan, suami DS, yakni AP sama-sama penerima LPDP belakangan ketahuan tidak memenuhi kewajiban pengabdian sesuai ketentuan sehingga disanksi wajib mengembalikan dana beasiswa yang diterima.",pengabdian alumni,Negatif,kebetulan suami ds yakni ap sama sama penerima lpdp belakangan ketahuan tidak memenuhi kewajiban pengabdian sesuai ketentuan sehingga disanksi wajib mengembalikan dana beasiswa yang diterima
"Kebetulan, suami DS, yakni AP sama-sama penerima LPDP belakangan ketahuan tidak memenuhi kewajiban pengabdian sesuai ketentuan sehingga disanksi wajib mengembalikan dana beasiswa yang diterima.",kebijakan LPDP,Negatif,kebetulan suami ds yakni ap sama sama penerima lpdp belakangan ketahuan tidak memenuhi kewajiban pengabdian sesuai ketentuan sehingga disanksi wajib mengembalikan dana beasiswa yang diterima
"Beasiswa LPDP memang mewajibkan awardee atau penerimanya kembali ke Indonesia setelah menyelesaikan studi dengan skema 2N+1, yakni masa pengabdian dua kali masa studi ditambah satu tahun.",pengabdian alumni,Netral,beasiswa lpdp memang mewajibkan awardee atau penerimanya kembali ke indonesia setelah menyelesaikan studi dengan skema 2n 1 yakni masa pengabdian dua kali masa studi ditambah satu tahun
Muhdi menilai bahwa persoalan penerima LPDP yang tidak menjalankan kewajiban pengabdian semestinya sudah teratasi secara baik dengan adanya pengawasan pascastudi yang betul-betul cermat.,pengabdian alumni,Netral,muhdi menilai bahwa persoalan penerima lpdp yang tidak menjalankan kewajiban pengabdian semestinya sudah teratasi secara baik dengan adanya pengawasan pascastudi yang betul betul cermat
"Artinya, kata Ketua PGRI Jateng itu, jangan kemudian permasalahan penerima LPDP yang tidak menjalankan kewajiban pengabdian ternyata baru terekspose sekarang setelah adanya kasus DS.",pengabdian alumni,Negatif,artinya kata ketua pgri jateng itu jangan kemudian permasalahan penerima lpdp yang tidak menjalankan kewajiban pengabdian ternyata baru terekspose sekarang setelah adanya kasus ds
"Apakah mereka menjalankan kewajiban apa tidak? Kalau tidak, ya berikan sanksi.",kebijakan LPDP,Negatif,apakah mereka menjalankan kewajiban apa tidak kalau tidak ya berikan sanksi
"Atau, diberi sanksi setelah ada orang yang seperti ini (DS, red.",kebijakan LPDP,Negatif,atau diberi sanksi setelah ada orang yang seperti ini ds red
"Sementara itu, Direktur Utama LPDP Sudarto melaporkan sebanyak 44 penerima beasiswa (awardee) telah dijatuhi sanksi karena tidak memenuhi kewajiban pengabdian sesuai ketentuan.",pengabdian alumni,Negatif,sementara itu direktur utama lpdp sudarto melaporkan sebanyak 44 penerima beasiswa awardee telah dijatuhi sanksi karena tidak memenuhi kewajiban pengabdian sesuai ketentuan
"Sementara itu, Direktur Utama LPDP Sudarto melaporkan sebanyak 44 penerima beasiswa (awardee) telah dijatuhi sanksi karena tidak memenuhi kewajiban pengabdian sesuai ketentuan.",kebijakan LPDP,Negatif,sementara itu direktur utama lpdp sudarto melaporkan sebanyak 44 penerima beasiswa awardee telah dijatuhi sanksi karena tidak memenuhi kewajiban pengabdian sesuai ketentuan
"Dari jumlah tersebut, delapan orang telah diberikan sanksi wajib mengembalikan dana beasiswa yang diterima, sementara 36 lainnya masih dalam proses pemeriksaan.",kebijakan LPDP,Negatif,dari jumlah tersebut delapan orang telah diberikan sanksi wajib mengembalikan dana beasiswa yang diterima sementara 36 lainnya masih dalam proses pemeriksaan
"Kami sudah melakukan penelitian berhadap mungkin lebih dari 600 awardee dan dari jumlah tersebut yang sudah ditetapkan, sanksi termasuk pengembalian 8 orang, 36 lagi sedang dalam proses, katanya.",kebijakan LPDP,Negatif,kami sudah melakukan penelitian berhadap mungkin lebih dari 600 awardee dan dari jumlah tersebut yang sudah ditetapkan sanksi termasuk pengembalian 8 orang 36 lagi sedang dalam proses katanya
Ada pula yang telah menyelesaikan masa pengabdian atau mendapat penugasan resmi dari instansinya.,pengabdian alumni,Netral,ada pula yang telah menyelesaikan masa pengabdian atau mendapat penugasan resmi dari instansinya
"Dari jumlah tersebut, 8 orang telah diberikan sanksi wajib mengembalikan dana beasiswa yang diterima, sementara 36 lainnya masih dalam proses pemeriksaan.",kebijakan LPDP,Negatif,dari jumlah tersebut 8 orang telah diberikan sanksi wajib mengembalikan dana beasiswa yang diterima sementara 36 lainnya masih dalam proses pemeriksaan
"Kami sudah melakukan penelitian berhadap mungkin lebih dari 600 awardee dan dari jumlah tersebut yang sudah ditetapkan, sanksi termasuk pengembalian 8 orang, 36 lagi sedang dalam proses, kata Sudarto dalam konferensi pers APBN KiTa di Jakarta, Senin.",kebijakan LPDP,Negatif,kami sudah melakukan penelitian berhadap mungkin lebih dari 600 awardee dan dari jumlah tersebut yang sudah ditetapkan sanksi termasuk pengembalian 8 orang 36 lagi sedang dalam proses kata sudarto dalam konferensi pers apbn kita di jakarta senin
Ia menegaskan tidak seluruh laporan otomatis berujung pelanggaran.,dana beasiswa,Negatif,ia menegaskan tidak seluruh laporan otomatis berujung pelanggaran
"Terkait sanksi, Sudarto menyebut awardee yang melanggar bisa dikenai pengembalian dana beasiswa beserta bunga, serta pemblokiran untuk mengikuti program LPDP di masa mendatang.",kebijakan LPDP,Negatif,terkait sanksi sudarto menyebut awardee yang melanggar bisa dikenai pengembalian dana beasiswa beserta bunga serta pemblokiran untuk mengikuti program lpdp di masa mendatang
Ketentuan tersebut sudah tercantum dalam perjanjian yang ditandatangani penerima beasiswa.,kebijakan LPDP,Netral,ketentuan tersebut sudah tercantum dalam perjanjian yang ditandatangani penerima beasiswa
Itu uang dari pajak (rakyat) dan sebagian dari utang yang kita sisihkan untuk memastikan sumber SDM kita tumbuh.,dana beasiswa,Netral,itu uang dari pajak rakyat dan sebagian dari utang yang kita sisihkan untuk memastikan sumber sdm kita tumbuh
"Pemerintah, lanjutnya, akan menegakkan aturan yang berlaku agar penerima beasiswa memenuhi seluruh tanggung jawabnya kepada LPDP.",kebijakan LPDP,Netral,pemerintah lanjutnya akan menegakkan aturan yang berlaku agar penerima beasiswa memenuhi seluruh tanggung jawabnya kepada lpdp
"Selain pengembalian dana, Purbaya juga mempertimbangkan langkah tegas berupa pencantuman dalam daftar hitam (blacklist) di seluruh instansi pemerintah bagi pihak yang dinilai melanggar komitmen dan etika sebagai penerima beasiswa negara.",kebijakan LPDP,Negatif,selain pengembalian dana purbaya juga mempertimbangkan langkah tegas berupa pencantuman dalam daftar hitam blacklist di seluruh instansi pemerintah bagi pihak yang dinilai melanggar komitmen dan etika sebagai penerima beasiswa negara
Setiap rupiah yang diberikan adalah uang rakyat.,dana beasiswa,Netral,setiap rupiah yang diberikan adalah uang rakyat
"Maka, penerimanya bukan hanya dituntut berprestasi, tetapi juga memiliki komitmen kebangsaan dan orientasi pengabdian yang jelas,” kata pria yang akrab disapa Amure itu di Jakarta, Senin.",pengabdian alumni,Netral,maka penerimanya bukan hanya dituntut berprestasi tetapi juga memiliki komitmen kebangsaan dan orientasi pengabdian yang jelas kata pria yang akrab disapa amure itu di jakarta senin
"Berikutnya, Amure juga mendesak agar pemerintah dan LPDP untuk melakukan evaluasi menyeluruh serta memperketat proses seleksi penerima beasiswa.",proses seleksi,Netral,berikutnya amure juga mendesak agar pemerintah dan lpdp untuk melakukan evaluasi menyeluruh serta memperketat proses seleksi penerima beasiswa
"Menurut dia, kasus DS bukan sekadar isu personal atau unggahan media sosial, melainkan juga menyentuh aspek moral publik karena beasiswa LPDP dibiayai oleh dana rakyat melalui APBN dan dana abadi pendidikan.",dana beasiswa,Negatif,menurut dia kasus ds bukan sekadar isu personal atau unggahan media sosial melainkan juga menyentuh aspek moral publik karena beasiswa lpdp dibiayai oleh dana rakyat melalui apbn dan dana abadi pendidikan
"Menurut dia, kasus DS bukan sekadar isu personal atau unggahan media sosial, melainkan juga menyentuh aspek moral publik karena beasiswa LPDP dibiayai oleh dana rakyat melalui APBN dan dana abadi pendidikan.",kualitas pendidikan,Negatif,menurut dia kasus ds bukan sekadar isu personal atau unggahan media sosial melainkan juga menyentuh aspek moral publik karena beasiswa lpdp dibiayai oleh dana rakyat melalui apbn dan dana abadi pendidikan
"Amure menekankan bahwa seleksi LPDP tidak cukup hanya menilai IPK, skor bahasa, atau kualitas universitas tujuan.",proses seleksi,Netral,amure menekankan bahwa seleksi lpdp tidak cukup hanya menilai ipk skor bahasa atau kualitas universitas tujuan
"Amure menekankan bahwa seleksi LPDP tidak cukup hanya menilai IPK, skor bahasa, atau kualitas universitas tujuan.",kualitas pendidikan,Netral,amure menekankan bahwa seleksi lpdp tidak cukup hanya menilai ipk skor bahasa atau kualitas universitas tujuan
"Menurut dia, aspek rekam jejak, integritas, konsistensi sikap kebangsaan, serta rencana kontribusi konkret harus diuji lebih dalam dan terukur.",pengabdian alumni,Positif,menurut dia aspek rekam jejak integritas konsistensi sikap kebangsaan serta rencana kontribusi konkret harus diuji lebih dalam dan terukur
Ia juga mendorong penguatan monitoring pascastudi agar komitmen pengabdian tidak berhenti di atas kertas.,pengabdian alumni,Netral,ia juga mendorong penguatan monitoring pascastudi agar komitmen pengabdian tidak berhenti di atas kertas
"Amure berharap momentum itu menjadi titik evaluasi serius bagi LPDP untuk memperkuat sistem seleksi, mempertegas kontrak pengabdian, serta memastikan bahwa setiap penerima benar-benar memiliki komitmen membangun Indonesia.",pengabdian alumni,Netral,amure berharap momentum itu menjadi titik evaluasi serius bagi lpdp untuk memperkuat sistem seleksi mempertegas kontrak pengabdian serta memastikan bahwa setiap penerima benar benar memiliki komitmen membangun indonesia
"Amure berharap momentum itu menjadi titik evaluasi serius bagi LPDP untuk memperkuat sistem seleksi, mempertegas kontrak pengabdian, serta memastikan bahwa setiap penerima benar-benar memiliki komitmen membangun Indonesia.",proses seleksi,Netral,amure berharap momentum itu menjadi titik evaluasi serius bagi lpdp untuk memperkuat sistem seleksi mempertegas kontrak pengabdian serta memastikan bahwa setiap penerima benar benar memiliki komitmen membangun indonesia
"Kritisi penerima LPDP, DPR minta perketat seleksi beasiswa LPDP Kami meminta agar pemerintah memperketat seleksi LPDP.",proses seleksi,Netral,kritisi penerima lpdp dpr minta perketat seleksi beasiswa lpdp kami meminta agar pemerintah memperketat seleksi lpdp
Permintaan itu disampaikan Habib merespons kemunculan pernyataan seorang mantan penerima beasiswa LPDP berinisial DS yang dinilai tidak mencerminkan nasionalisme serta adanya dugaan pelanggaran komitmen pengabdian LPDP oleh suami DS.,pengabdian alumni,Negatif,permintaan itu disampaikan habib merespons kemunculan pernyataan seorang mantan penerima beasiswa lpdp berinisial ds yang dinilai tidak mencerminkan nasionalisme serta adanya dugaan pelanggaran komitmen pengabdian lpdp oleh suami ds
Permintaan itu disampaikan Habib merespons kemunculan pernyataan seorang mantan penerima beasiswa LPDP berinisial DS yang dinilai tidak mencerminkan nasionalisme serta adanya dugaan pelanggaran komitmen pengabdian LPDP oleh suami DS.,dana beasiswa,Negatif,permintaan itu disampaikan habib merespons kemunculan pernyataan seorang mantan penerima beasiswa lpdp berinisial ds yang dinilai tidak mencerminkan nasionalisme serta adanya dugaan pelanggaran komitmen pengabdian lpdp oleh suami ds
"Pernyataan yang disampaikan oleh alumni penerima LPDP yang viral itu menunjukkan bahwa masih ada yang belum sepenuhnya mematuhi aturan, kata Habib di Jakarta, Senin.",kebijakan LPDP,Netral,pernyataan yang disampaikan oleh alumni penerima lpdp yang viral itu menunjukkan bahwa masih ada yang belum sepenuhnya mematuhi aturan kata habib di jakarta senin
"Dia lalu memandang insiden itu menjadi alarm bagi pemerintah bahwa integritas dan komitmen kebangsaan calon penerima beasiswa LPDP harus diuji lebih dalam, bukan sekadar kecakapan akademik.",kualitas pendidikan,Netral,dia lalu memandang insiden itu menjadi alarm bagi pemerintah bahwa integritas dan komitmen kebangsaan calon penerima beasiswa lpdp harus diuji lebih dalam bukan sekadar kecakapan akademik
Ia mendukung langkah tegas LPDP yang berencana memanggil pihak terkait untuk klarifikasi dan pemberian sanksi jika terbukti melanggar ketentuan.,kebijakan LPDP,Netral,ia mendukung langkah tegas lpdp yang berencana memanggil pihak terkait untuk klarifikasi dan pemberian sanksi jika terbukti melanggar ketentuan
"Jika ada yang tidak menjalankan komitmennya, maka harus ada penegakan aturan yang tegas,” kata Habib.",kebijakan LPDP,Netral,jika ada yang tidak menjalankan komitmennya maka harus ada penegakan aturan yang tegas kata habib
Pramono mengaku betul-betul berkeinginan agar anak-anak Jakarta yang berprestasi di sekolah bisa mengenyam pendidikan hingga ke luar negeri melalui program LPDP yang dipersiapkan oleh pemerintah DKI Jakarta.,kualitas pendidikan,Netral,pramono mengaku betul betul berkeinginan agar anak anak jakarta yang berprestasi di sekolah bisa mengenyam pendidikan hingga ke luar negeri melalui program lpdp yang dipersiapkan oleh pemerintah dki jakarta
"Brian menjelaskan bahwa setiap tahunnya Indonesia mencetak sekitar 1,7 juta lulusan dari berbagai bidang strategis, mulai dari sains dan teknologi hingga ilmu sosial.",kualitas pendidikan,Netral,brian menjelaskan bahwa setiap tahunnya indonesia mencetak sekitar 1 7 juta lulusan dari berbagai bidang strategis mulai dari sains dan teknologi hingga ilmu sosial
"Saat ini, terdapat lebih dari 1,1 juta mahasiswa aktif yang biaya hidup dan SPP-nya ditanggung sepenuhnya oleh negara dengan total anggaran mencapai Rp16 triliun per tahun.",dana beasiswa,Netral,saat ini terdapat lebih dari 1 1 juta mahasiswa aktif yang biaya hidup dan spp nya ditanggung sepenuhnya oleh negara dengan total anggaran mencapai rp16 triliun per tahun
"Dengan penguatan ini, diharapkan tidak ada lagi anak bangsa yang terkendala biaya untuk mengenyam pendidikan tinggi di perguruan tinggi negeri maupun swasta.",kualitas pendidikan,Netral,dengan penguatan ini diharapkan tidak ada lagi anak bangsa yang terkendala biaya untuk mengenyam pendidikan tinggi di perguruan tinggi negeri maupun swasta
Seluruh penerima Beasiswa Fellowship Dokter Spesialis akan memperoleh pembiayaan pendidikan penuh (fully funded) dari LPDP.,kualitas pendidikan,Netral,seluruh penerima beasiswa fellowship dokter spesialis akan memperoleh pembiayaan pendidikan penuh fully funded dari lpdp
"Untuk selengkapnya, berikut terkait persyaratan dan jadwalnya.",proses seleksi,Netral,untuk selengkapnya berikut terkait persyaratan dan jadwalnya
Persyaratan Beasiswa Fellowship Dokter Spesialis 2026 Pendaftaran beasiswa ini dapat dilakukan melalui https://beasiswalpdp.,proses seleksi,Netral,persyaratan beasiswa fellowship dokter spesialis 2026 pendaftaran beasiswa ini dapat dilakukan melalui https beasiswalpdp
"Adapun persyaratan bagi pendaftar Beasiswa Fellowship Dokter Spesialis 2026 yang wajib dipenuhi adalah sebagai berikut: Terbuka bagi WNI yang berprofesi sebagai Dokter Spesialis, baik berstatus PNS maupun Non-PNS.",proses seleksi,Netral,adapun persyaratan bagi pendaftar beasiswa fellowship dokter spesialis 2026 yang wajib dipenuhi adalah sebagai berikut terbuka bagi wni yang berprofesi sebagai dokter spesialis baik berstatus pns maupun non pns
Wajib melampirkan surat penerimaan (LoA) dari Unit Penyelenggara yang mencakup rincian biaya pendidikan sesuai jadwal seleksi yang berlaku.,proses seleksi,Netral,wajib melampirkan surat penerimaan loa dari unit penyelenggara yang mencakup rincian biaya pendidikan sesuai jadwal seleksi yang berlaku
Wajib melampirkan surat penerimaan (LoA) dari Unit Penyelenggara yang mencakup rincian biaya pendidikan sesuai jadwal seleksi yang berlaku.,kualitas pendidikan,Netral,wajib melampirkan surat penerimaan loa dari unit penyelenggara yang mencakup rincian biaya pendidikan sesuai jadwal seleksi yang berlaku
"Tidak sedang menempuh (on going) pendidikan fellowship atau subspesialis di lembaga mana pun, baik di dalam maupun luar negeri.",kualitas pendidikan,Netral,tidak sedang menempuh on going pendidikan fellowship atau subspesialis di lembaga mana pun baik di dalam maupun luar negeri
"Menuliskan rencana pascastudi, komitmen untuk kembali ke tanah air, serta kontribusi yang akan diberikan bagi Indonesia.",pengabdian alumni,Positif,menuliskan rencana pascastudi komitmen untuk kembali ke tanah air serta kontribusi yang akan diberikan bagi indonesia
Tidak pernah dijatuhi sanksi disiplin berat (bagi PNS) atau memiliki catatan kegagalan/pembatalan beasiswa LPDP sebelumnya akibat kelalaian pribadi.,kebijakan LPDP,Negatif,tidak pernah dijatuhi sanksi disiplin berat bagi pns atau memiliki catatan kegagalan pembatalan beasiswa lpdp sebelumnya akibat kelalaian pribadi
"Bagi pendaftar yang dinyatakan lolos seleksi, perkiraan waktu mulai studi (intake) paling cepat adalah pada bulan Mei dan Juli, menyesuaikan dengan periode pendaftaran yang diikuti.",proses seleksi,Netral,bagi pendaftar yang dinyatakan lolos seleksi perkiraan waktu mulai studi intake paling cepat adalah pada bulan mei dan juli menyesuaikan dengan periode pendaftaran yang diikuti
Presiden Prabowo Subianto sendiri menargetkan LPDP dapat membiayai beasiswa 4.,dana beasiswa,Netral,presiden prabowo subianto sendiri menargetkan lpdp dapat membiayai beasiswa 4
"Pemerintah akan mulai memfokuskan pendanaan beasiswa pendidikan dari LPDP untuk keilmuan bidang Science, Technology, Engineering, and Mathematics (STEM) mulai tahun 2026 mendatang.",kualitas pendidikan,Netral,pemerintah akan mulai memfokuskan pendanaan beasiswa pendidikan dari lpdp untuk keilmuan bidang science technology engineering and mathematics stem mulai tahun 2026 mendatang
LPDP resmi berdiri melalui Peraturan Menteri Keuangan (PMK) Nomor 252/PMK.,kebijakan LPDP,Netral,lpdp resmi berdiri melalui peraturan menteri keuangan pmk nomor 252 pmk
"Adapun pada 2021, LPDP juga diberi mandat mengelola dana abadi riset, kebudayaan, dan pendidikan tinggi, bersama dengan kementerian/badan terkait lainnya.",dana beasiswa,Netral,adapun pada 2021 lpdp juga diberi mandat mengelola dana abadi riset kebudayaan dan pendidikan tinggi bersama dengan kementerian badan terkait lainnya
"Adapun pada 2021, LPDP juga diberi mandat mengelola dana abadi riset, kebudayaan, dan pendidikan tinggi, bersama dengan kementerian/badan terkait lainnya.",kualitas pendidikan,Netral,adapun pada 2021 lpdp juga diberi mandat mengelola dana abadi riset kebudayaan dan pendidikan tinggi bersama dengan kementerian badan terkait lainnya
"Adapun komponen beasiswa yang ditanggung LPDP mencakup biaya pendidikan, yaitu biaya pendaftaran, biaya SPP (tuition fee), tunjangan buku, biaya penelitian, biaya seminar internasional, biaya publikasi jurnal internasional.",kualitas pendidikan,Netral,adapun komponen beasiswa yang ditanggung lpdp mencakup biaya pendidikan yaitu biaya pendaftaran biaya spp tuition fee tunjangan buku biaya penelitian biaya seminar internasional biaya publikasi jurnal internasional
"Tahapan pendaftaran beasiswa LPDP umumnya mencakup seleksi administrasi, seleksi bakat skolastik, dan seleksi substansi.",proses seleksi,Netral,tahapan pendaftaran beasiswa lpdp umumnya mencakup seleksi administrasi seleksi bakat skolastik dan seleksi substansi
Beasiswa Perguruan Tinggi Utama Dunia (PTUD) Beasiswa PTUD adalah program beasiswa yang diperuntukkan bagi WNI yang telah memperoleh LoA dari perguruan tinggi utama dunia untuk menempuh jenjang pendidikan magister dan doktor.,kualitas pendidikan,Netral,beasiswa perguruan tinggi utama dunia ptud beasiswa ptud adalah program beasiswa yang diperuntukkan bagi wni yang telah memperoleh loa dari perguruan tinggi utama dunia untuk menempuh jenjang pendidikan magister dan doktor
"Pendaftar beasiswa ini harus memilih salah satu skema pendanaan untuk ditanggungnya, dana pendidikan atau dana pendukung, sementara salah satu skema lainnya ditanggung oleh LPDP.",kualitas pendidikan,Positif,pendaftar beasiswa ini harus memilih salah satu skema pendanaan untuk ditanggungnya dana pendidikan atau dana pendukung sementara salah satu skema lainnya ditanggung oleh lpdp
"Oleh karena itu, apabila pendaftar tidak lolos pada seleksi pilihan Beasiswa Prioritas Kemitraan LPDP tersebut dapat melanjutkan tahap proses ke program beasiswa lainnya yang telah didaftarkan.",proses seleksi,Netral,oleh karena itu apabila pendaftar tidak lolos pada seleksi pilihan beasiswa prioritas kemitraan lpdp tersebut dapat melanjutkan tahap proses ke program beasiswa lainnya yang telah didaftarkan
"Meski demikian, pendaftar yang sedang menempuh studi dapat mendaftar dengan ketentuan tertentu.",kebijakan LPDP,Netral,meski demikian pendaftar yang sedang menempuh studi dapat mendaftar dengan ketentuan tertentu
Memenuhi persyaratan Indeks Prestasi Kumulatif (IPK) yang ditetapkan.,proses seleksi,Netral,memenuhi persyaratan indeks prestasi kumulatif ipk yang ditetapkan
"Memenuhi skor kemampuan Bahasa Inggris sesuai ketentuan program beasiswa dan jenjang studi yang didaftarkan, seperti tes TOEFL atau IELTS, yang diterbitkan paling lambat 2 tahun terakhir dari tahun pendaftaran beasiswa.",proses seleksi,Netral,memenuhi skor kemampuan bahasa inggris sesuai ketentuan program beasiswa dan jenjang studi yang didaftarkan seperti tes toefl atau ielts yang diterbitkan paling lambat 2 tahun terakhir dari tahun pendaftaran beasiswa
"Memenuhi skor kemampuan Bahasa Inggris sesuai ketentuan program beasiswa dan jenjang studi yang didaftarkan, seperti tes TOEFL atau IELTS, yang diterbitkan paling lambat 2 tahun terakhir dari tahun pendaftaran beasiswa.",kebijakan LPDP,Netral,memenuhi skor kemampuan bahasa inggris sesuai ketentuan program beasiswa dan jenjang studi yang didaftarkan seperti tes toefl atau ielts yang diterbitkan paling lambat 2 tahun terakhir dari tahun pendaftaran beasiswa
Melampirkan surat rekomendasi sesuai ketentuan setiap program beasiswa yang diterbitkan paling lama satu tahun di bulan yang sama dengan waktu pendaftaran beasiswa.,kebijakan LPDP,Netral,melampirkan surat rekomendasi sesuai ketentuan setiap program beasiswa yang diterbitkan paling lama satu tahun di bulan yang sama dengan waktu pendaftaran beasiswa
Memilih perguruan tinggi tujuan dan program studi sesuai dengan ketentuan LPDP.,kebijakan LPDP,Netral,memilih perguruan tinggi tujuan dan program studi sesuai dengan ketentuan lpdp
"Menyetujui surat pernyataan yang diwajibkan dalam aplikasi, dan menuliskan komitmen untuk kembali ke Indonesia, rencana pascastudi, dan rencana kontribusi di Indonesia.",pengabdian alumni,Positif,menyetujui surat pernyataan yang diwajibkan dalam aplikasi dan menuliskan komitmen untuk kembali ke indonesia rencana pascastudi dan rencana kontribusi di indonesia
